{
  "fixed_point": {
    "shift": 14,
    "a_fp": 321,
    "b_fp": -41932,
    "c": 116,
    "avg_margin": 2.4583333333333335,
    "min_margin": 0,
    "max_margin": 10
  },
  "coefficients": {
    "a": 0.01959228515625,
    "b": -2.559326171875,
    "c": 116
  }
}